provinsi,migrasi_neto,miskin_p0,rata_lama_sek,uhh,pengeluaran,sanitasi,air_minum,ipm,gini_maret,tpt_agustus,tpak_agustus,penduduk_ribu,kepadatan,neto_per_1000,ln_kepadatan
ACEH,-241.0,14.64,9.79,72.92,9963.0,77.48,89.7,74.11,0.311,6.17,63.5,5407.9,95.0,-0.04456443351393332,4.553876891600541
SUMATERA UTARA,-38317.0,8.42,9.99,73.39,10848.0,82.3,92.13,74.51,0.312,6.16,69.53,15115.2,209.0,-2.5349978829257966,5.342334251964811
SUMATERA BARAT,80848.0,5.92,9.51,73.88,11130.0,69.27,85.23,75.16,0.3,6.28,69.3,5640.6,134.0,14.333226961670743,4.897839799950911
RIAU,-23031.0,6.78,9.54,73.95,11158.0,84.06,90.07,74.45,0.326,4.37,63.86,6614.4,74.0,-3.4819484760522497,4.30406509320417
JAMBI,-12921.0,7.62,9.07,73.61,10871.0,79.54,79.19,73.11,0.32,4.59,67.84,3631.1,74.0,-3.5584258213764426,4.30406509320417
SUMATERA SELATAN,-28033.0,11.9,8.82,73.76,11109.0,78.62,86.35,72.48,0.339,4.63,69.31,8657.0,100.0,-3.2381887489892573,4.605170185988092
BENGKULU,5556.0,14.62,9.28,72.9,10840.0,79.58,73.07,73.68,0.315,3.59,69.81,2060.1,102.0,2.6969564584243484,4.624972813284271
LAMPUNG,16373.0,11.57,8.61,73.95,10336.0,83.65,81.6,71.79,0.314,4.52,70.06,9176.6,273.0,1.7842120175228298,5.60947179518496
KEPULAUAN BANGKA BELITUNG,11854.0,4.45,8.57,73.68,13358.0,91.63,80.96,73.5,0.236,4.77,67.38,1494.6,90.0,7.931219055265624,4.499809670330265
KEPULAUAN RIAU,9646.0,6.24,10.46,74.62,14469.0,87.74,91.82,78.48,0.342,8.23,68.94,2179.8,264.0,4.425176621708413,5.575949103146316
DKI JAKARTA,-587473.0,4.69,11.3,75.54,18927.0,92.79,97.93,82.77,0.423,7.18,63.08,10680.0,16158.0,-55.00683520599251,9.690170562039654
JAWA BARAT,175229.0,8.06,9.14,74.65,11277.0,74.02,93.04,73.63,0.417,8.31,66.15,49405.8,1334.0,3.546729331374049,7.195937226475569
JAWA TENGAH,305687.0,10.93,8.38,74.58,11377.0,84.37,93.32,72.8,0.374,5.57,70.84,37032.4,1078.0,8.25458247372571,6.982862751468942
DI YOGYAKARTA,74810.0,11.34,10.07,75.11,14482.0,96.21,96.5,80.65,0.439,4.06,72.6,3761.9,1186.0,19.8862277040857,7.078341579557671
JAWA TIMUR,1042.0,10.38,8.5,74.57,11992.0,81.13,95.05,74.05,0.371,5.49,71.23,41150.0,857.0,0.025321992709599027,6.75343791859778
BANTEN,3806.0,6.16,9.46,74.46,12216.0,85.12,92.71,75.25,0.363,8.09,64.72,12252.0,1310.0,0.3106431603003591,7.177782416195197
BALI,-27247.0,4.57,9.74,74.6,13942.0,95.94,98.42,77.4,0.363,4.8,76.86,4415.1,790.0,-6.17132114787887,6.672032945461067
NUSA TENGGARA BARAT,38486.0,13.68,8.31,71.66,10681.0,83.12,95.4,71.65,0.373,2.89,70.93,5473.7,278.0,7.031075871896523,5.627621113690637
NUSA TENGGARA TIMUR,38446.0,20.05,8.25,71.3,7877.0,73.7,86.76,67.63,0.334,3.54,75.23,5466.3,118.0,7.033276622212465,4.770684624465665
KALIMANTAN BARAT,-10261.0,6.73,8.1,73.47,9355.0,77.41,80.43,69.71,0.314,5.11,68.97,5541.4,38.0,-1.8516981268271557,3.6375861597263857
KALIMANTAN TENGAH,-4127.0,5.28,9.03,73.34,11458.0,74.33,77.01,73.17,0.319,4.26,67.23,2741.1,18.0,-1.505599941629273,2.8903717578961645
KALIMANTAN SELATAN,4813.0,4.49,8.89,73.7,12469.0,82.55,76.18,74.0,0.317,4.74,67.55,4182.1,113.0,1.1508572248391955,4.727387818712341
KALIMANTAN TIMUR,-24700.0,6.31,10.13,74.45,12641.0,90.33,87.14,77.36,0.327,5.71,64.73,3859.8,30.0,-6.399295300274625,3.4011973816621555
KALIMANTAN UTARA,-2688.0,6.77,9.45,73.51,9350.0,82.22,89.96,72.21,0.272,4.33,67.62,727.8,10.0,-3.6933223413025558,2.302585092994046
SULAWESI UTARA,-756.0,7.28,9.87,73.59,11179.0,84.05,94.15,74.52,0.365,6.61,63.08,2659.5,183.0,-0.28426395939086296,5.209486152841421
SULAWESI TENGAH,887.0,12.33,9.17,70.49,9696.0,75.01,86.74,71.01,0.308,3.0,69.99,3066.1,50.0,0.2892925866736245,3.912023005428146
SULAWESI SELATAN,-27098.0,8.63,9.09,73.4,11430.0,92.24,91.96,73.96,0.377,4.51,66.18,9225.8,204.0,-2.9371978581803204,5.318119993844216
SULAWESI TENGGARA,35303.0,11.17,9.59,71.7,9708.0,87.07,94.64,72.38,0.387,3.36,68.82,2701.7,75.0,13.066957841359145,4.31748811353631
GORONTALO,7490.0,15.42,8.39,70.22,10687.0,79.82,96.16,70.62,0.418,2.58,68.91,1192.7,99.0,6.279869204326318,4.59511985013459
SULAWESI BARAT,6776.0,11.75,8.47,70.42,9358.0,78.88,78.98,69.19,0.362,2.34,73.0,1458.6,88.0,4.6455505279034695,4.477336814478207
MALUKU,-2979.0,15.97,10.37,70.16,8876.0,76.47,92.1,72.04,0.301,6.88,65.46,1881.7,41.0,-1.583142902694372,3.713572066704308
MALUKU UTARA,-149.0,6.23,9.6,70.47,8398.0,79.39,88.1,70.26,0.279,3.98,64.88,1319.3,40.0,-0.11293867960281968,3.6888794541139363
PAPUA BARAT,3578.0,21.33,10.14,68.23,8101.0,73.52,81.57,,0.37,5.37,68.55,1183.3,12.0,3.0237471478069806,2.4849066497880004
PAPUA,-30609.0,26.56,7.31,67.98,7146.0,40.34,65.39,,0.406,2.83,77.75,4418.6,14.0,-6.927307291902412,2.6390573296152584
