provinsi,kab_kota
SUMATERA SELATAN,Penukal Abab Lematang Ilir
SUMATERA SELATAN,Musi Rawas Utara
LAMPUNG,Pesisir Barat
JAWA BARAT,Pangandaran
NUSA TENGGARA TIMUR,Malaka
KALIMANTAN TIMUR,Mahakam Ulu
SULAWESI TENGAH,Banggai Laut
SULAWESI TENGAH,Morowali Utara
SULAWESI TENGGARA,Kolaka Timur
SULAWESI TENGGARA,Konawe Kepulauan
SULAWESI TENGGARA,Muna Barat
SULAWESI TENGGARA,Buton Tengah
SULAWESI TENGGARA,Buton Selatan
SULAWESI BARAT,Mamuju Tengah
MALUKU UTARA,Pulau Taliabu
PAPUA BARAT,Manokwari Selatan
PAPUA BARAT,Pegunungan Arfak
