,migrasi_neto
ACEH,-241.0
SUMATERA UTARA,-38317.0
SUMATERA BARAT,80848.0
RIAU,-23031.0
JAMBI,-12921.0
SUMATERA SELATAN,-28033.0
BENGKULU,5556.0
LAMPUNG,16373.0
KEPULAUAN BANGKA BELITUNG,11854.0
KEPULAUAN RIAU,9646.0
DKI JAKARTA,-587473.0
JAWA BARAT,175229.0
JAWA TENGAH,305687.0
DI YOGYAKARTA,74810.0
JAWA TIMUR,1042.0
BANTEN,3806.0
BALI,-27247.0
NUSA TENGGARA BARAT,38486.0
NUSA TENGGARA TIMUR,38446.0
KALIMANTAN BARAT,-10261.0
KALIMANTAN TENGAH,-4127.0
KALIMANTAN SELATAN,4813.0
KALIMANTAN TIMUR,-24700.0
KALIMANTAN UTARA,-2688.0
SULAWESI UTARA,-756.0
SULAWESI TENGAH,887.0
SULAWESI SELATAN,-27098.0
SULAWESI TENGGARA,35303.0
GORONTALO,7490.0
SULAWESI BARAT,6776.0
MALUKU,-2979.0
MALUKU UTARA,-149.0
PAPUA BARAT,3578.0
PAPUA,-30609.0
